dQdV_peak_pos,dQdV_peak_val,dQdV_area,dTdV_peak_pos,dTdV_peak_val,dTdV_area,dVdt_mean,dVdt_std,dVdt_min,dVdt_max,cycle_index
2.799999928,392.6542877,0.098259167,2.799999928,213.7714599,-0.241593341,0.023356695,4.28E-07,0.023356051,0.023358184,0
3.41557791,0.003475237,-0.987653856,3.36984926,2.319867694,-5.057549786,0.023356695,4.28E-07,0.023356051,0.023358184,1
3.41557791,0.003124724,-0.990987094,2.856281343,3.499311731,-5.123487396,0.023356695,4.28E-07,0.023356051,0.023358184,2
3.419095499,0.002938678,-0.992769325,2.799999928,4.940380258,-5.204534556,0.023356695,4.28E-07,0.023356051,0.023358184,3
3.433165852,0.002789956,-0.994448485,3.310050256,7.498991619,-5.186255043,0.023356695,4.28E-07,0.023356051,0.023358184,4
3.433165852,0.003443432,-0.993735521,3.239698487,5.503299812,-4.9408099,0.023356695,4.28E-07,0.023356051,0.023358184,5
3.405025145,0.003404254,-0.99474313,3.348743729,3.196296387,-5.000037648,0.023356695,4.28E-07,0.023356051,0.023358184,6
3.422613087,0.003695701,-0.995072711,3.204522602,4.115110546,-5.379565587,0.023356695,4.28E-07,0.023356051,0.023358184,7
3.454271383,0.003563817,-0.992518054,3.394472379,3.464842878,-5.098734608,0.023356695,4.28E-07,0.023356051,0.023358184,8
3.422613087,0.003179628,-0.994402998,3.36984926,5.881506338,-5.126945799,0.023356695,4.28E-07,0.023356051,0.023358184,9
3.390954791,0.003285251,-0.993294532,3.380402025,7.872496242,-4.737424799,0.023356695,4.28E-07,0.023356051,0.023358184,10
3.419095499,0.003291327,-0.993549605,3.225628133,3.823917468,-4.878409415,0.023356695,4.28E-07,0.023356051,0.023358184,11
3.419095499,0.002790194,-0.993701726,3.355778906,1.811408189,-4.948111444,0.023356695,4.28E-07,0.023356051,0.023358184,12
3.405025145,0.003270402,-0.992430818,2.873869286,4.534039105,-4.990021348,0.023356695,4.28E-07,0.023356051,0.023358184,13
3.419095499,0.003375716,-0.992992033,3.250251252,3.851350849,-4.986824538,0.023356695,4.28E-07,0.023356051,0.023358184,14
3.422613087,0.003071532,-0.993084396,3.313567844,5.411275957,-4.990301991,0.023356695,4.28E-07,0.023356051,0.023358184,15
3.422613087,0.003637546,-0.991758837,3.352261318,5.633612708,-4.958698982,0.023356695,4.28E-07,0.023356051,0.023358184,16
3.422613087,0.003415041,-0.991995711,3.20804019,3.63404878,-4.958224544,0.023356695,4.28E-07,0.023356051,0.023358184,17
3.41557791,0.002575625,-0.992484902,3.352261318,2.7025197,-5.227875302,0.023356695,4.28E-07,0.023356051,0.023358184,18
3.412060322,0.002993126,-0.989670771,2.845728578,6.627320302,-5.098108918,0.023356695,4.28E-07,0.023356051,0.023358184,19
3.419095499,0.003240675,-0.990757988,3.306532668,7.395794287,-5.078189589,0.023356695,4.28E-07,0.023356051,0.023358184,20
3.422613087,0.003470644,-0.990115101,3.236180898,5.31944761,-5.04506477,0.023356695,4.28E-07,0.023356051,0.023358184,21
3.419095499,0.002947887,-0.988887508,2.799999928,20.53447893,-5.028736608,0.023356695,4.28E-07,0.023356051,0.023358184,22
3.394472379,0.003876116,-0.988629509,3.299497491,4.125861119,-4.997908754,0.023356695,4.28E-07,0.023356051,0.023358184,23
3.500000033,0.008445958,-0.988054162,2.799999928,6.801835881,-4.894422637,0.023356695,4.28E-07,0.023356051,0.023358184,24
3.457788972,0.003027007,-0.986457278,3.23266331,7.14476251,-5.047636738,0.023356695,4.28E-07,0.023356051,0.023358184,25
3.387437202,0.004493817,-0.98701182,3.436683441,5.837033891,-4.8462795,0.023356695,4.28E-07,0.023356051,0.023358184,26
3.419095499,0.002676266,-0.986750931,3.215075367,2.953916716,-4.776104065,0.023356695,4.28E-07,0.023356051,0.023358184,27
3.408542733,0.003532728,-0.985968529,3.366331671,6.089511703,-5.094441456,0.023356695,4.28E-07,0.023356051,0.023358184,28
3.397989968,0.003525577,-0.985894723,3.419095499,4.476747899,-4.913679477,0.023356695,4.28E-07,0.023356051,0.023358184,29
3.419095499,0.003648076,-0.983871111,3.260804017,5.846470853,-4.531922928,0.023356695,4.28E-07,0.023356051,0.023358184,30
3.422613087,0.003621924,-0.983764854,3.264321606,5.32047212,-4.918914692,0.023356695,4.28E-07,0.023356051,0.023358184,31
3.450753795,0.002656817,-0.984376039,3.317085433,5.477039807,-4.991986108,0.023356695,4.28E-07,0.023356051,0.023358184,32
3.387437202,0.004456855,-0.982021146,2.799999928,6.949060601,-4.955251321,0.023356695,4.28E-07,0.023356051,0.023358184,33
3.408542733,0.003504362,-0.983064134,3.225628133,2.627584197,-4.960648562,0.023356695,4.28E-07,0.023356051,0.023358184,34
3.433165852,0.00351061,-0.983610274,3.36984926,6.444015678,-5.383323215,0.023356695,4.28E-07,0.023356051,0.023358184,35
3.468341737,0.002752318,-0.980596207,2.799999928,3.888292442,-5.113679995,0.023356695,4.28E-07,0.023356051,0.023358184,36
3.387437202,0.004637059,-0.981528493,3.41557791,4.995372124,-5.033186072,0.023356695,4.28E-07,0.023356051,0.023358184,37
3.436683441,0.0033145,-0.98129201,3.295979902,2.744823993,-5.390576874,0.023356695,4.28E-07,0.023356051,0.023358184,38
3.426130675,0.003711244,-0.978506639,3.218592956,3.789721753,-4.939621019,0.023356695,4.28E-07,0.023356051,0.023358184,39
3.500000033,0.005344051,-0.978790012,3.366331671,4.151173631,-4.751509841,0.023356695,4.28E-07,0.023356051,0.023358184,40
3.436683441,0.003426779,-0.978245266,2.803517516,5.379579676,-4.299154424,0.023356695,4.28E-07,0.023356051,0.023358184,41
3.394472379,0.003293567,-0.97669574,3.267839194,4.765231965,-4.902987998,0.023356695,4.28E-07,0.023356051,0.023358184,42
3.429648264,0.003112163,-0.97784394,2.831658224,5.061317751,-4.976177238,0.023356695,4.28E-07,0.023356051,0.023358184,43
3.447236206,0.003379724,-0.977484729,2.799999928,11.81843301,-5.249867875,0.023356695,4.28E-07,0.023356051,0.023358184,44
3.429648264,0.003477696,-0.975691332,3.218592956,2.901226418,-5.231391497,0.023356695,4.28E-07,0.023356051,0.023358184,45
3.405025145,0.003457145,-0.975713401,3.281909548,3.43169228,-5.154373597,0.023356695,4.28E-07,0.023356051,0.023358184,46
3.443718618,0.0027935,-0.974286258,2.81758787,4.608678787,-5.080032177,0.023356695,4.28E-07,0.023356051,0.023358184,47
3.436683441,0.003915048,-0.973827464,3.271356783,4.829668471,-5.110455148,0.023356695,4.28E-07,0.023356051,0.023358184,48
3.408542733,0.002943414,-0.973916171,3.236180898,2.836301149,-5.154407719,0.023356695,4.28E-07,0.023356051,0.023358184,49
3.468341737,0.002765954,-0.971958389,3.264321606,2.293495165,-4.828508713,0.023356695,4.28E-07,0.023356051,0.023358184,50
3.500000033,0.007095856,-0.972217494,3.225628133,3.12497384,-4.884011807,0.023356695,4.28E-07,0.023356051,0.023358184,51
3.468341737,0.002869945,-0.973101606,3.285427137,4.282625624,-5.014674618,0.023356695,4.28E-07,0.023356051,0.023358184,52
3.397989968,0.003421242,-0.970431868,3.383919614,8.552314801,-4.933831878,0.023356695,4.28E-07,0.023356051,0.023358184,53
3.468341737,0.002851658,-0.970680408,3.390954791,4.367748171,-4.897915134,0.023356695,4.28E-07,0.023356051,0.023358184,54
3.422613087,0.002870641,-0.969754768,3.27839196,4.807421438,-4.863891068,0.023356695,4.28E-07,0.023356051,0.023358184,55
3.422613087,0.003806512,-0.968214861,2.799999928,5.460857173,-5.003016121,0.023356695,4.28E-07,0.023356051,0.023358184,56
3.457788972,0.003301268,-0.969588348,3.334673375,3.667634739,-5.173885769,0.023356695,4.28E-07,0.023356051,0.023358184,57
3.433165852,0.003393072,-0.968737684,2.814070282,3.445107944,-5.325720943,0.023356695,4.28E-07,0.023356051,0.023358184,58
3.429648264,0.002861074,-0.96640369,3.260804017,5.147039005,-4.852115559,0.023356695,4.28E-07,0.023356051,0.023358184,59
3.422613087,0.003066189,-0.967344908,3.250251252,4.311335189,-5.068914495,0.023356695,4.28E-07,0.023356051,0.023358184,60
3.422613087,0.003538505,-0.966986132,2.799999928,4.707895102,-5.061265754,0.023356695,4.28E-07,0.023356051,0.023358184,61
3.412060322,0.003267617,-0.965629594,3.408542733,6.124989147,-5.078354628,0.023356695,4.28E-07,0.023356051,0.023358184,62
3.464824149,0.002721486,-0.966523172,3.320603021,5.028560444,-5.201427456,0.023356695,4.28E-07,0.023356051,0.023358184,63
3.397989968,0.00297421,-0.965826581,3.412060322,4.418591217,-5.252111822,0.023356695,4.28E-07,0.023356051,0.023358184,64
3.390954791,0.004275306,-0.963933296,3.218592956,3.625041238,-5.094406022,0.023356695,4.28E-07,0.023356051,0.023358184,65
3.412060322,0.003428319,-0.964462386,3.457788972,5.033003585,-4.826177797,0.023356695,4.28E-07,0.023356051,0.023358184,66
3.433165852,0.003367224,-0.964375608,3.236180898,2.584645663,-5.000399399,0.023356695,4.28E-07,0.023356051,0.023358184,67
3.41557791,0.003124925,-0.963183844,3.295979902,5.444314195,-5.077116262,0.023356695,4.28E-07,0.023356051,0.023358184,68
3.397989968,0.004101484,-0.962926813,2.799999928,18.15409293,-4.972603632,0.023356695,4.28E-07,0.023356051,0.023358184,69
3.405025145,0.003803078,-0.960900976,3.229145721,3.200476789,-4.471608629,0.023356695,4.28E-07,0.023356051,0.023358184,70
3.408542733,0.003638295,-0.961114603,3.468341737,6.292202924,-4.832811215,0.023356695,4.28E-07,0.023356051,0.023358184,71
3.408542733,0.003676589,-0.960665921,2.807035105,1.923047344,-4.972662619,0.023356695,4.28E-07,0.023356051,0.023358184,72
3.426130675,0.003735868,-0.958559122,3.387437202,5.262127686,-4.86852121,0.023356695,4.28E-07,0.023356051,0.023358184,73
3.426130675,0.002998968,-0.959513145,2.799999928,2.292118138,-4.776025974,0.023356695,4.28E-07,0.023356051,0.023358184,74
3.457788972,0.003223153,-0.959754884,3.246733664,3.270438948,-5.064720641,0.023356695,4.28E-07,0.023356051,0.023358184,75
3.422613087,0.003029037,-0.958442832,2.799999928,4.699419363,-5.118494608,0.023356695,4.28E-07,0.023356051,0.023358184,76
3.440201029,0.002840006,-0.958910862,2.84221099,2.681359099,-5.073499607,0.023356695,4.28E-07,0.023356051,0.023358184,77
3.394472379,0.004275538,-0.957873775,3.348743729,2.945437217,-5.248041264,0.023356695,4.28E-07,0.023356051,0.023358184,78
3.412060322,0.003248411,-0.955574054,3.359296495,6.098458341,-4.981096103,0.023356695,4.28E-07,0.023356051,0.023358184,79
3.408542733,0.00292148,-0.956042045,3.299497491,9.732847111,-4.929499514,0.023356695,4.28E-07,0.023356051,0.023358184,80
3.454271383,0.003471906,-0.954559954,2.884422051,2.184555882,-4.564800074,0.023356695,4.28E-07,0.023356051,0.023358184,81
3.447236206,0.003671624,-0.954124697,2.799999928,3.703527755,-5.005610223,0.023356695,4.28E-07,0.023356051,0.023358184,82
3.397989968,0.003075624,-0.954171735,2.799999928,9.373517386,-4.896597493,0.023356695,4.28E-07,0.023356051,0.023358184,83
3.394472379,0.00428591,-0.953699925,3.412060322,5.958546394,-4.874075402,0.023356695,4.28E-07,0.023356051,0.023358184,84
3.41557791,0.002938179,-0.952975951,3.341708552,3.803577708,-4.81800373,0.023356695,4.28E-07,0.023356051,0.023358184,85
3.412060322,0.003100635,-0.95451975,3.334673375,4.354845978,-5.021960258,0.023356695,4.28E-07,0.023356051,0.023358184,86
3.422613087,0.003071441,-0.953688869,3.32412061,1.819970116,-5.61604617,0.023356695,4.28E-07,0.023356051,0.023358184,87
3.41557791,0.0030607,-0.951975754,3.274874371,3.148191813,-5.083193941,0.023356695,4.28E-07,0.023356051,0.023358184,88
3.405025145,0.00329095,-0.951286711,3.288944725,3.064928107,-4.904032568,0.023356695,4.28E-07,0.023356051,0.023358184,89
3.457788972,0.003415758,-0.95152312,3.345226141,5.230657232,-4.378978507,0.023356695,4.28E-07,0.023356051,0.023358184,90
3.405025145,0.003594634,-0.950443004,3.355778906,5.737955654,-4.831408375,0.023356695,4.28E-07,0.023356051,0.023358184,91
3.405025145,0.003328462,-0.951423747,2.799999928,17.38222023,-4.731603956,0.023356695,4.28E-07,0.023356051,0.023358184,92
3.426130675,0.002742749,-0.948990022,2.835175813,5.844439588,-5.143653941,0.023356695,4.28E-07,0.023356051,0.023358184,93
3.412060322,0.003210341,-0.949329615,3.36984926,4.57532198,-5.065756657,0.023356695,4.28E-07,0.023356051,0.023358184,94
3.394472379,0.004072112,-0.948485196,3.426130675,2.801159644,-5.001228728,0.023356695,4.28E-07,0.023356051,0.023358184,95
3.383919614,0.004609479,-0.946706758,3.215075367,2.85446599,-5.102249727,0.023356695,4.28E-07,0.023356051,0.023358184,96
3.41557791,0.003172478,-0.947774619,3.32412061,4.492944602,-5.18250767,0.023356695,4.28E-07,0.023356051,0.023358184,97
3.426130675,0.003407276,-0.94652504,2.799999928,9.073129902,-4.823373456,0.023356695,4.28E-07,0.023356051,0.023358184,98
3.408542733,0.003428971,-0.945036164,2.838693401,5.779720622,-4.726996406,0.023356695,4.28E-07,0.023356051,0.023358184,99
3.397989968,0.003984628,-0.945845185,3.345226141,5.582607096,-4.656097706,0.023356695,4.28E-07,0.023356051,0.023358184,100
3.436683441,0.002893141,-0.947375239,3.327638198,3.916691095,-4.842864688,0.023356695,4.28E-07,0.023356051,0.023358184,101
3.405025145,0.003548407,-0.944333673,3.274874371,5.477027474,-5.050863967,0.023356695,4.28E-07,0.023356051,0.023358184,102
3.397989968,0.003001598,-0.944608565,2.852763755,5.716388834,-5.135213013,0.023356695,4.28E-07,0.023356051,0.023358184,103
3.387437202,0.003774324,-0.943495117,3.313567844,3.844403455,-4.674326899,0.023356695,4.28E-07,0.023356051,0.023358184,104
3.419095499,0.003816128,-0.941911651,3.426130675,3.302831751,-4.905403046,0.023356695,4.28E-07,0.023356051,0.023358184,105
3.397989968,0.003357719,-0.942890733,3.464824149,5.337755251,-4.681014133,0.023356695,4.28E-07,0.023356051,0.023358184,106
3.408542733,0.003001991,-0.943997216,3.485929679,2.532787732,-5.146493727,0.023356695,4.28E-07,0.023356051,0.023358184,107
3.426130675,0.00316651,-0.94088965,3.281909548,4.594980658,-4.841450044,0.023356695,4.28E-07,0.023356051,0.023358184,108
3.394472379,0.004048821,-0.941269369,3.390954791,4.337849527,-4.655083291,0.023356695,4.28E-07,0.023356051,0.023358184,109
3.443718618,0.002693617,-0.94256338,3.376884437,3.989884603,-4.754349256,0.023356695,4.28E-07,0.023356051,0.023358184,110
3.429648264,0.002612415,-0.941226376,3.387437202,4.703164125,-4.985678669,0.023356695,4.28E-07,0.023356051,0.023358184,111
3.408542733,0.003540427,-0.941329164,3.376884437,6.857234263,-5.271902612,0.023356695,4.28E-07,0.023356051,0.023358184,112
3.408542733,0.003255717,-0.93870597,3.295979902,4.20235299,-4.545005685,0.023356695,4.28E-07,0.023356051,0.023358184,113
3.440201029,0.003208256,-0.938789919,3.500000033,11.13281846,-4.915973996,0.023356695,4.28E-07,0.023356051,0.023358184,114
3.419095499,0.00306337,-0.939294033,3.394472379,7.026857506,-4.564868293,0.023356695,4.28E-07,0.023356051,0.023358184,115
3.405025145,0.003271632,-0.937641969,3.376884437,5.178862404,-5.169796346,0.023356695,4.28E-07,0.023356051,0.023358184,116
3.447236206,0.003140565,-0.937916613,3.264321606,6.532895386,-5.151150189,0.023356695,4.28E-07,0.023356051,0.023358184,117
3.433165852,0.003564177,-0.937521826,3.373366848,5.025796088,-5.160666482,0.023356695,4.28E-07,0.023356051,0.023358184,118
3.412060322,0.003844945,-0.934747774,2.799999928,6.762327385,-4.98932563,0.023356695,4.28E-07,0.023356051,0.023358184,119
3.500000033,0.006152492,-0.935749059,3.292462314,1.339043332,-4.794897296,0.023356695,4.28E-07,0.023356051,0.023358184,120
3.443718618,0.002684544,-0.935896285,3.264321606,4.680239825,-5.117496107,0.023356695,4.28E-07,0.023356051,0.023358184,121
3.429648264,0.003295164,-0.933581218,3.274874371,5.015219876,-5.048828632,0.023356695,4.28E-07,0.023356051,0.023358184,122
3.412060322,0.002890428,-0.934385274,3.264321606,10.01732398,-4.979364011,0.023356695,4.28E-07,0.023356051,0.023358184,123
3.440201029,0.003135971,-0.935107164,3.317085433,7.235500429,-5.264497192,0.023356695,4.28E-07,0.023356051,0.023358184,124
3.419095499,0.003546625,-0.932513381,2.799999928,6.76521582,-5.078544017,0.023356695,4.28E-07,0.023356051,0.023358184,125
3.426130675,0.002951105,-0.933925159,3.274874371,4.270083232,-5.317926201,0.023356695,4.28E-07,0.023356051,0.023358184,126
3.426130675,0.003369005,-0.933316041,3.288944725,1.640116942,-5.607141016,0.023356695,4.28E-07,0.023356051,0.023358184,127
3.41557791,0.003171312,-0.931526074,3.236180898,4.135744465,-5.253544837,0.023356695,4.28E-07,0.023356051,0.023358184,128
3.41557791,0.003132429,-0.930840566,3.225628133,3.290247768,-4.933722456,0.023356695,4.28E-07,0.023356051,0.023358184,129
3.426130675,0.00346092,-0.930440978,3.475376914,7.638864811,-4.688783778,0.023356695,4.28E-07,0.023356051,0.023358184,130
3.419095499,0.00288198,-0.930338443,2.835175813,4.212765315,-4.964105033,0.023356695,4.28E-07,0.023356051,0.023358184,131
3.419095499,0.003062065,-0.931542882,3.362814083,1.90016964,-5.359934855,0.023356695,4.28E-07,0.023356051,0.023358184,132
3.412060322,0.00338527,-0.928242437,3.303015079,11.8916073,-4.820532844,0.023356695,4.28E-07,0.023356051,0.023358184,133
3.408542733,0.003199419,-0.929202353,3.394472379,1.415160887,-4.887713989,0.023356695,4.28E-07,0.023356051,0.023358184,134
3.426130675,0.002955625,-0.929929166,3.20804019,3.292998601,-5.526743034,0.023356695,4.28E-07,0.023356051,0.023358184,135
3.443718618,0.003704974,-0.92726074,3.320603021,2.469869404,-5.032299642,0.023356695,4.28E-07,0.023356051,0.023358184,136
3.401507556,0.00377705,-0.92745483,3.355778906,3.37197621,-5.281188917,0.023356695,4.28E-07,0.023356051,0.023358184,137
3.41557791,0.003362999,-0.926447442,2.859798932,4.892112792,-4.900734422,0.023356695,4.28E-07,0.023356051,0.023358184,138
3.390954791,0.003942145,-0.924489387,2.870351697,4.732703694,-4.84188721,0.023356695,4.28E-07,0.023356051,0.023358184,139
3.429648264,0.003500305,-0.925476466,3.236180898,4.8663189,-4.95324401,0.023356695,4.28E-07,0.023356051,0.023358184,140
3.419095499,0.002925377,-0.925440248,3.243216075,2.967586576,-4.857966368,0.023356695,4.28E-07,0.023356051,0.023358184,141
3.41557791,0.00335723,-0.923195234,3.281909548,5.356155931,-5.153673506,0.023356695,4.28E-07,0.023356051,0.023358184,142
3.41557791,0.00324652,-0.92358787,3.243216075,7.390188466,-4.954055933,0.023356695,4.28E-07,0.023356051,0.023358184,143
3.394472379,0.004235711,-0.923262786,3.352261318,4.388658469,-5.061253438,0.023356695,4.28E-07,0.023356051,0.023358184,144
3.443718618,0.002966828,-0.921979168,3.320603021,4.705904659,-5.183444366,0.023356695,4.28E-07,0.023356051,0.023358184,145
3.443718618,0.003871114,-0.922838872,3.197487425,4.585483278,-5.206250417,0.023356695,4.28E-07,0.023356051,0.023358184,146
3.412060322,0.003235682,-0.921463322,3.218592956,3.019305525,-5.090228869,0.023356695,4.28E-07,0.023356051,0.023358184,147
3.46130656,0.003023958,-0.920683227,2.856281343,3.267038963,-5.167740799,0.023356695,4.28E-07,0.023356051,0.023358184,148
3.383919614,0.004573387,-0.920746735,3.27839196,5.395472682,-5.048336994,0.023356695,4.28E-07,0.023356051,0.023358184,149
3.394472379,0.003888651,-0.919690928,3.243216075,2.723445809,-4.680300302,0.023356695,4.28E-07,0.023356051,0.023358184,150
3.405025145,0.003204203,-0.919819874,3.23266331,6.168115516,-5.083196826,0.023356695,4.28E-07,0.023356051,0.023358184,151
3.412060322,0.002536913,-0.919714884,3.394472379,6.062998456,-5.40158275,0.023356695,4.28E-07,0.023356051,0.023358184,152
3.412060322,0.002633643,-0.917634541,3.359296495,4.825947022,-4.523131572,0.023356695,4.28E-07,0.023356051,0.023358184,153
3.41557791,0.004028892,-0.917781117,3.303015079,2.296789972,-5.191056619,0.023356695,4.28E-07,0.023356051,0.023358184,154
3.405025145,0.003418637,-0.91706344,3.257286429,6.630254921,-4.939771487,0.023356695,4.28E-07,0.023356051,0.023358184,155
3.419095499,0.003045831,-0.915730419,3.288944725,6.621825536,-4.911347917,0.023356695,4.28E-07,0.023356051,0.023358184,156
3.380402025,0.004560707,-0.916865002,2.799999928,4.795773612,-5.039621697,0.023356695,4.28E-07,0.023356051,0.023358184,157
3.422613087,0.003095209,-0.916181029,3.440201029,3.687842072,-4.674475906,0.023356695,4.28E-07,0.023356051,0.023358184,158
3.426130675,0.003523973,-0.915315848,3.211557779,7.095319795,-4.918375999,0.023356695,4.28E-07,0.023356051,0.023358184,159
3.436683441,0.00275622,-0.91561038,3.229145721,2.082562005,-4.946679243,0.023356695,4.28E-07,0.023356051,0.023358184,160
3.426130675,0.003608787,-0.915267641,2.838693401,2.141681787,-4.829051547,0.023356695,4.28E-07,0.023356051,0.023358184,161
3.412060322,0.00328195,-0.913048309,3.348743729,3.804818011,-5.034234347,0.023356695,4.28E-07,0.023356051,0.023358184,162
3.454271383,0.003566991,-0.913495194,3.271356783,2.400547341,-4.881110474,0.023356695,4.28E-07,0.023356051,0.023358184,163
3.401507556,0.003481538,-0.912899676,3.243216075,3.624072048,-4.556786202,0.023356695,4.28E-07,0.023356051,0.023358184,164
3.454271383,0.003102985,-0.911200918,3.401507556,2.984030196,-4.799846001,0.023356695,4.28E-07,0.023356051,0.023358184,165
3.443718618,0.003480533,-0.911938954,3.359296495,3.546176677,-4.68014876,0.023356695,4.28E-07,0.023356051,0.023358184,166
3.440201029,0.003077789,-0.91285619,2.799999928,8.897828142,-4.392811681,0.023356695,4.28E-07,0.023356051,0.023358184,167
3.408542733,0.003223147,-0.910168604,3.299497491,5.22623507,-4.770286747,0.023356695,4.28E-07,0.023356051,0.023358184,168
3.426130675,0.003326987,-0.910329396,3.327638198,8.587762341,-4.630073667,0.023356695,4.28E-07,0.023356051,0.023358184,169
3.447236206,0.002546448,-0.91146349,3.211557779,6.334577102,-4.682167269,0.023356695,4.28E-07,0.023356051,0.023358184,170
3.419095499,0.004024344,-0.909791742,3.334673375,6.481265461,-5.095274585,0.023356695,4.28E-07,0.023356051,0.023358184,171
3.408542733,0.003592773,-0.910365767,3.225628133,3.547229215,-4.970968172,0.023356695,4.28E-07,0.023356051,0.023358184,172
3.419095499,0.003922826,-0.908699777,3.25376884,5.118863538,-4.889605412,0.023356695,4.28E-07,0.023356051,0.023358184,173
3.433165852,0.003310794,-0.908677777,3.32412061,4.29384593,-4.881125129,0.023356695,4.28E-07,0.023356051,0.023358184,174
3.46130656,0.002973795,-0.909025624,2.807035105,3.840414886,-5.113939593,0.023356695,4.28E-07,0.023356051,0.023358184,175
3.412060322,0.003694853,-0.906944966,3.334673375,2.36400327,-5.012796495,0.023356695,4.28E-07,0.023356051,0.023358184,176
3.41557791,0.003664506,-0.906892008,2.799999928,11.56793788,-4.955359163,0.023356695,4.28E-07,0.023356051,0.023358184,177
3.419095499,0.003122347,-0.906119094,3.468341737,5.186879768,-4.757596126,0.023356695,4.28E-07,0.023356051,0.023358184,178
3.401507556,0.00326885,-0.904821131,3.331155787,2.170443378,-4.982305324,0.023356695,4.28E-07,0.023356051,0.023358184,179
3.41557791,0.002646556,-0.905949219,3.348743729,5.264756822,-4.9489021,0.023356695,4.28E-07,0.023356051,0.023358184,180
3.405025145,0.002914933,-0.906855323,3.215075367,3.071921265,-5.329920909,0.023356695,4.28E-07,0.023356051,0.023358184,181
3.397989968,0.004008244,-0.903901366,3.447236206,5.248941069,-5.190682462,0.023356695,4.28E-07,0.023356051,0.023358184,182
3.419095499,0.003468664,-0.905190639,3.218592956,3.377480829,-5.21741906,0.023356695,4.28E-07,0.023356051,0.023358184,183
3.405025145,0.003509024,-0.90400683,3.246733664,3.620530327,-5.058449534,0.023356695,4.28E-07,0.023356051,0.023358184,184
3.397989968,0.003181791,-0.902925769,3.246733664,1.128028616,-5.191126667,0.023356695,4.28E-07,0.023356051,0.023358184,185
3.397989968,0.003918201,-0.903837923,3.376884437,3.491509444,-5.429627489,0.023356695,4.28E-07,0.023356051,0.023358184,186
3.440201029,0.003399449,-0.902105021,2.799999928,10.10739618,-5.039911261,0.023356695,4.28E-07,0.023356051,0.023358184,187
3.436683441,0.002985,-0.901182127,2.807035105,4.815256217,-5.00932131,0.023356695,4.28E-07,0.023356051,0.023358184,188
3.46130656,0.003101951,-0.901381392,3.225628133,4.315029967,-4.981577214,0.023356695,4.28E-07,0.023356051,0.023358184,189
3.376884437,0.004029373,-0.900852068,2.799999928,9.237350565,-4.894944999,0.023356695,4.28E-07,0.023356051,0.023358184,190
3.408542733,0.003530733,-0.90093865,3.267839194,4.892757525,-5.201639974,0.023356695,4.28E-07,0.023356051,0.023358184,191
3.426130675,0.003449329,-0.899240453,2.838693401,4.608425318,-5.070558472,0.023356695,4.28E-07,0.023356051,0.023358184,192
3.390954791,0.003913558,-0.898603168,3.239698487,2.888064775,-4.348430306,0.023356695,4.28E-07,0.023356051,0.023358184,193
3.412060322,0.003179819,-0.89829094,3.313567844,4.061256584,-4.93856708,0.023356695,4.28E-07,0.023356051,0.023358184,194
3.447236206,0.003858217,-0.897997883,3.197487425,3.605776595,-4.761618349,0.023356695,4.28E-07,0.023356051,0.023358184,195
3.41557791,0.003263805,-0.895889888,3.250251252,7.450781686,-4.839545893,0.023356695,4.28E-07,0.023356051,0.023358184,196
3.464824149,0.002776299,-0.897424243,2.799999928,12.21634304,-5.0057378,0.023356695,4.28E-07,0.023356051,0.023358184,197
3.394472379,0.004107051,-0.896465259,3.422613087,2.533016912,-4.960999507,0.023356695,4.28E-07,0.023356051,0.023358184,198
3.412060322,0.003402789,-0.894646977,3.310050256,5.6081619,-5.025825985,0.023356695,4.28E-07,0.023356051,0.023358184,199
3.426130675,0.003251647,-0.895509437,3.193969836,2.305268431,-5.018796853,0.023356695,4.28E-07,0.023356051,0.023358184,200
3.390954791,0.004081907,-0.895242043,3.201005013,3.04311433,-4.709169493,0.023356695,4.28E-07,0.023356051,0.023358184,201
3.454271383,0.003106259,-0.892847867,3.257286429,3.238791271,-4.677604903,0.023356695,4.28E-07,0.023356051,0.023358184,202
3.390954791,0.004154486,-0.893519688,3.197487425,4.905784336,-4.775828425,0.023356695,4.28E-07,0.023356051,0.023358184,203
3.401507556,0.002799106,-0.894421799,3.331155787,4.206757625,-4.536932155,0.023356695,4.28E-07,0.023356051,0.023358184,204
3.405025145,0.002721438,-0.892694964,3.250251252,2.950814859,-5.077755959,0.023356695,4.28E-07,0.023356051,0.023358184,205
3.457788972,0.002879598,-0.893377406,3.334673375,3.892780424,-5.024547011,0.023356695,4.28E-07,0.023356051,0.023358184,206
3.419095499,0.00306268,-0.892962792,3.317085433,5.775056611,-5.128787573,0.023356695,4.28E-07,0.023356051,0.023358184,207
3.41557791,0.003010067,-0.89119707,2.866834109,3.723510655,-4.88976006,0.023356695,4.28E-07,0.023356051,0.023358184,208
3.426130675,0.003615371,-0.891599945,3.443718618,1.707541105,-4.759364893,0.023356695,4.28E-07,0.023356051,0.023358184,209
3.408542733,0.003281033,-0.89316597,2.799999928,20.59596848,-5.22204662,0.023356695,4.28E-07,0.023356051,0.023358184,210
3.405025145,0.003477485,-0.890644551,3.271356783,5.627673724,-5.280479858,0.023356695,4.28E-07,0.023356051,0.023358184,211
3.401507556,0.003906782,-0.889568038,3.355778906,3.737600237,-5.064082618,0.023356695,4.28E-07,0.023356051,0.023358184,212
3.408542733,0.003283115,-0.888850006,3.088442182,4.12729787,-4.306812504,0.023356695,4.28E-07,0.023356051,0.023358184,213
3.387437202,0.003654079,-0.888328699,3.215075367,6.271030393,-4.804214773,0.023356695,4.28E-07,0.023356051,0.023358184,214
3.383919614,0.004313704,-0.889409319,2.894974817,4.355818046,-4.804130551,0.023356695,4.28E-07,0.023356051,0.023358184,215
3.41557791,0.003098737,-0.886483663,3.397989968,1.024567555,-5.179539885,0.023356695,4.28E-07,0.023356051,0.023358184,216
3.412060322,0.002992673,-0.887653839,3.41557791,5.607281172,-4.997471878,0.023356695,4.28E-07,0.023356051,0.023358184,217
3.397989968,0.003717207,-0.888160604,2.799999928,9.31521073,-5.245965674,0.023356695,4.28E-07,0.023356051,0.023358184,218
3.46130656,0.00284682,-0.886090072,3.267839194,2.876918404,-5.267974761,0.023356695,4.28E-07,0.023356051,0.023358184,219
3.405025145,0.00347627,-0.886462372,3.373366848,4.614963145,-4.958010406,0.023356695,4.28E-07,0.023356051,0.023358184,220
3.447236206,0.003435708,-0.886860026,3.225628133,3.856235643,-5.275205796,0.023356695,4.28E-07,0.023356051,0.023358184,221
3.419095499,0.002942735,-0.884032339,2.870351697,3.010191254,-4.947780963,0.023356695,4.28E-07,0.023356051,0.023358184,222
3.387437202,0.00347379,-0.884549981,3.281909548,3.017004275,-4.82242591,0.023356695,4.28E-07,0.023356051,0.023358184,223
3.376884437,0.004385702,-0.885263788,3.387437202,3.095566612,-5.231629818,0.023356695,4.28E-07,0.023356051,0.023358184,224
3.422613087,0.002666915,-0.882661665,3.239698487,3.102726561,-5.20707304,0.023356695,4.28E-07,0.023356051,0.023358184,225
3.394472379,0.00412555,-0.88290646,3.260804017,5.296351312,-5.063081572,0.023356695,4.28E-07,0.023356051,0.023358184,226
3.41557791,0.00279036,-0.882048898,3.229145721,4.082649464,-5.083189856,0.023356695,4.28E-07,0.023356051,0.023358184,227
3.41557791,0.00284914,-0.880817048,3.422613087,4.185362444,-5.017749725,0.023356695,4.28E-07,0.023356051,0.023358184,228
3.447236206,0.003390191,-0.881089488,3.222110544,2.201740631,-4.934872298,0.023356695,4.28E-07,0.023356051,0.023358184,229
3.450753795,0.003230833,-0.883244704,2.799999928,4.315772074,-5.221840908,0.023356695,4.28E-07,0.023356051,0.023358184,230
3.436683441,0.00305704,-0.880387543,2.81758787,4.193962699,-5.130664263,0.023356695,4.28E-07,0.023356051,0.023358184,231
3.422613087,0.003689491,-0.880150501,3.274874371,4.263997059,-4.864897432,0.023356695,4.28E-07,0.023356051,0.023358184,232
3.41557791,0.002610386,-0.879045845,3.327638198,3.438924777,-4.792922257,0.023356695,4.28E-07,0.023356051,0.023358184,233
3.394472379,0.00360993,-0.879152222,3.288944725,3.185542277,-4.874600707,0.023356695,4.28E-07,0.023356051,0.023358184,234
3.394472379,0.003813042,-0.880602568,2.799999928,11.75171349,-5.372382909,0.023356695,4.28E-07,0.023356051,0.023358184,235
3.383919614,0.004454954,-0.8772892,2.821105459,7.364889677,-5.229975629,0.023356695,4.28E-07,0.023356051,0.023358184,236
3.397989968,0.003720139,-0.877660225,3.366331671,7.002990566,-5.058538444,0.023356695,4.28E-07,0.023356051,0.023358184,237
3.41557791,0.003162435,-0.876040301,3.211557779,5.332914477,-4.907779539,0.023356695,4.28E-07,0.023356051,0.023358184,238
3.443718618,0.002624021,-0.875255188,3.246733664,4.600429787,-4.768553226,0.023356695,4.28E-07,0.023356051,0.023358184,239
3.41557791,0.003194303,-0.876008274,3.243216075,3.192273005,-4.887151913,0.023356695,4.28E-07,0.023356051,0.023358184,240
3.457788972,0.001861414,-0.876448436,3.211557779,2.562509654,-5.229452266,0.023356695,4.28E-07,0.023356051,0.023358184,241
3.405025145,0.003365332,-0.873734224,3.239698487,3.569968091,-5.191169236,0.023356695,4.28E-07,0.023356051,0.023358184,242
3.426130675,0.003333286,-0.874453561,3.331155787,5.240975732,-5.187173493,0.023356695,4.28E-07,0.023356051,0.023358184,243
3.440201029,0.002800654,-0.873303897,3.281909548,5.09022682,-5.187713675,0.023356695,4.28E-07,0.023356051,0.023358184,244
3.426130675,0.003282564,-0.872130589,2.86331652,3.613891149,-5.056589241,0.023356695,4.28E-07,0.023356051,0.023358184,245
3.401507556,0.003331076,-0.873127621,3.303015079,5.553905848,-4.946893126,0.023356695,4.28E-07,0.023356051,0.023358184,246
3.422613087,0.003583447,-0.874123851,3.397989968,6.401548019,-5.551829357,0.023356695,4.28E-07,0.023356051,0.023358184,247
3.401507556,0.003382346,-0.871271037,3.257286429,2.184119679,-5.221279702,0.023356695,4.28E-07,0.023356051,0.023358184,248
3.426130675,0.002870785,-0.875994861,3.20804019,4.752705034,-5.534903318,0.023356695,4.28E-07,0.023356051,0.023358184,249
3.383919614,0.004399369,-0.875845986,3.239698487,6.554920438,-4.891413197,0.023356695,4.28E-07,0.023356051,0.023358184,250
3.422613087,0.003818515,-0.875811665,3.222110544,3.125152348,-5.104128948,0.023356695,4.28E-07,0.023356051,0.023358184,251
3.405025145,0.003010776,-0.875982395,3.250251252,5.971029212,-4.937892015,0.023356695,4.28E-07,0.023356051,0.023358184,252
3.397989968,0.002890555,-0.874932704,2.835175813,2.729526919,-4.512972553,0.023356695,4.28E-07,0.023356051,0.023358184,253
3.394472379,0.003475025,-0.872691912,3.422613087,4.474752312,-5.12173904,0.023356695,4.28E-07,0.023356051,0.023358184,254
3.405025145,0.003566456,-0.873705954,3.271356783,4.038621989,-5.000535613,0.023356695,4.28E-07,0.023356051,0.023358184,255
3.394472379,0.0039207,-0.872502868,3.405025145,3.244035335,-4.464755275,0.023356695,4.28E-07,0.023356051,0.023358184,256
3.412060322,0.00323706,-0.872199758,2.81758787,5.102865464,-5.031800097,0.023356695,4.28E-07,0.023356051,0.023358184,257
3.429648264,0.00324161,-0.871659577,3.341708552,3.180600334,-4.83415628,0.023356695,4.28E-07,0.023356051,0.023358184,258
3.390954791,0.004337591,-0.86861802,3.334673375,4.41749009,-4.49060731,0.023356695,4.28E-07,0.023356051,0.023358184,259
3.426130675,0.003620341,-0.87081575,3.405025145,3.614336542,-5.120109248,0.023356695,4.28E-07,0.023356051,0.023358184,260
3.408542733,0.002775111,-0.870085948,3.27839196,3.591573776,-4.930402593,0.023356695,4.28E-07,0.023356051,0.023358184,261
3.405025145,0.003047018,-0.868503629,3.338190964,4.833126032,-5.099796709,0.023356695,4.28E-07,0.023356051,0.023358184,262
3.454271383,0.003023591,-0.869148625,3.292462314,5.132012737,-5.304428559,0.023356695,4.28E-07,0.023356051,0.023358184,263
3.422613087,0.00292251,-0.866857365,3.397989968,3.076807148,-5.367640546,0.023356695,4.28E-07,0.023356051,0.023358184,264
3.405025145,0.002898061,-0.866665752,2.81758787,5.145363219,-5.145378551,0.023356695,4.28E-07,0.023356051,0.023358184,265
3.405025145,0.003716847,-0.867266233,3.383919614,3.860347408,-5.402888137,0.023356695,4.28E-07,0.023356051,0.023358184,266
3.41557791,0.003206017,-0.865881862,2.799999928,25.62714986,-4.868699595,0.023356695,4.28E-07,0.023356051,0.023358184,267
3.447236206,0.003495188,-0.864816282,3.436683441,4.561138195,-5.176352187,0.023356695,4.28E-07,0.023356051,0.023358184,268
3.397989968,0.003359545,-0.865308632,3.310050256,4.314151732,-5.216841826,0.023356695,4.28E-07,0.023356051,0.023358184,269
3.405025145,0.003156375,-0.864127478,3.443718618,4.022459518,-4.731185494,0.023356695,4.28E-07,0.023356051,0.023358184,270
3.412060322,0.003007506,-0.863669326,2.828140636,2.343859834,-5.20687023,0.023356695,4.28E-07,0.023356051,0.023358184,271
3.41557791,0.003731166,-0.863721417,2.799999928,8.206833423,-4.987188369,0.023356695,4.28E-07,0.023356051,0.023358184,272
3.426130675,0.003634767,-0.862684775,2.877386874,2.353673676,-4.674355753,0.023356695,4.28E-07,0.023356051,0.023358184,273
3.436683441,0.003622587,-0.862338141,3.440201029,3.8493415,-4.983529664,0.023356695,4.28E-07,0.023356051,0.023358184,274
3.394472379,0.003987307,-0.861982826,3.341708552,3.895066795,-5.245797301,0.023356695,4.28E-07,0.023356051,0.023358184,275
3.380402025,0.003631816,-0.859567486,3.225628133,4.98413733,-4.767983176,0.023356695,4.28E-07,0.023356051,0.023358184,276
3.447236206,0.003219592,-0.860109855,3.306532668,2.224584953,-5.247102206,0.023356695,4.28E-07,0.023356051,0.023358184,277
3.426130675,0.003436471,-0.858738921,2.831658224,4.490542722,-4.811741152,0.023356695,4.28E-07,0.023356051,0.023358184,278
3.454271383,0.003132237,-0.857802107,2.810552693,2.395765089,-4.905669249,0.023356695,4.28E-07,0.023356051,0.023358184,279
3.412060322,0.002910434,-0.858668961,3.303015079,3.66125803,-5.032325786,0.023356695,4.28E-07,0.023356051,0.023358184,280
3.394472379,0.004026702,-0.85792326,3.190452248,3.454930486,-5.007576204,0.023356695,4.28E-07,0.023356051,0.023358184,281
3.443718618,0.003453883,-0.855654345,2.810552693,4.113840072,-4.995711611,0.023356695,4.28E-07,0.023356051,0.023358184,282
3.405025145,0.003696244,-0.856557201,3.362814083,3.8359304,-5.042757386,0.023356695,4.28E-07,0.023356051,0.023358184,283
3.426130675,0.003301207,-0.856086091,3.250251252,4.449852472,-4.481319798,0.023356695,4.28E-07,0.023356051,0.023358184,284
3.394472379,0.003494854,-0.854703016,3.394472379,4.235169177,-4.809293874,0.023356695,4.28E-07,0.023356051,0.023358184,285
3.397989968,0.003182373,-0.855002383,3.292462314,1.480330241,-4.814499156,0.023356695,4.28E-07,0.023356051,0.023358184,286
3.454271383,0.003235139,-0.855362852,2.880904463,4.818480763,-4.633310365,0.023356695,4.28E-07,0.023356051,0.023358184,287
3.454271383,0.003222383,-0.852958692,3.257286429,2.243986959,-5.119007694,0.023356695,4.28E-07,0.023356051,0.023358184,288
3.390954791,0.003565255,-0.853261957,3.482412091,3.339093009,-5.293688434,0.023356695,4.28E-07,0.023356051,0.023358184,289
3.422613087,0.002705863,-0.852276188,3.352261318,2.415606938,-5.046936683,0.023356695,4.28E-07,0.023356051,0.023358184,290
3.394472379,0.002870458,-0.851857753,3.225628133,3.397448178,-5.149946837,0.023356695,4.28E-07,0.023356051,0.023358184,291
3.401507556,0.003161019,-0.851184344,3.299497491,7.211385563,-5.008927178,0.023356695,4.28E-07,0.023356051,0.023358184,292
3.408542733,0.003519848,-0.849870049,2.845728578,3.408939034,-4.577059643,0.023356695,4.28E-07,0.023356051,0.023358184,293
3.419095499,0.002986981,-0.850825904,2.859798932,5.014602351,-5.158634287,0.023356695,4.28E-07,0.023356051,0.023358184,294
3.429648264,0.003198004,-0.849855177,3.288944725,3.477408448,-5.013479797,0.023356695,4.28E-07,0.023356051,0.023358184,295
3.429648264,0.003233224,-0.848708997,2.799999928,11.97730237,-4.8864714,0.023356695,4.28E-07,0.023356051,0.023358184,296
3.454271383,0.003298559,-0.847988593,3.222110544,4.299747182,-4.941780353,0.023356695,4.28E-07,0.023356051,0.023358184,297
3.408542733,0.003215132,-0.847789744,3.338190964,4.738726923,-4.475006796,0.023356695,4.28E-07,0.023356051,0.023358184,298
3.419095499,0.003610221,-0.846165619,3.197487425,5.837830151,-5.055625516,0.023356695,4.28E-07,0.023356051,0.023358184,299
3.419095499,0.002850087,-0.846577101,2.799999928,3.955818952,-5.010378658,0.023356695,4.28E-07,0.023356051,0.023358184,300
3.405025145,0.003427409,-0.846103922,3.345226141,2.459385871,-4.618901174,0.023356695,4.28E-07,0.023356051,0.023358184,301
3.436683441,0.003031539,-0.844649576,3.25376884,5.655985699,-5.140137387,0.023356695,4.28E-07,0.023356051,0.023358184,302
3.422613087,0.003440475,-0.844799297,3.331155787,5.999066507,-4.84762707,0.023356695,4.28E-07,0.023356051,0.023358184,303
3.401507556,0.002889896,-0.844613467,3.23266331,4.545744711,-4.562414693,0.023356695,4.28E-07,0.023356051,0.023358184,304
3.426130675,0.003295186,-0.842363903,3.222110544,5.255972978,-5.113622842,0.023356695,4.28E-07,0.023356051,0.023358184,305
3.401507556,0.003259386,-0.842525912,3.306532668,4.689886945,-5.201840147,0.023356695,4.28E-07,0.023356051,0.023358184,306
3.426130675,0.00337429,-0.84151079,3.41557791,5.092153431,-4.655159076,0.023356695,4.28E-07,0.023356051,0.023358184,307
3.408542733,0.002654133,-0.842265729,3.243216075,2.7878098,-5.326360387,0.023356695,4.28E-07,0.023356051,0.023358184,308
3.419095499,0.00366907,-0.841297314,3.331155787,4.387422536,-5.041028634,0.023356695,4.28E-07,0.023356051,0.023358184,309
3.405025145,0.003142643,-0.840373069,2.799999928,18.60026145,-4.692675864,0.023356695,4.28E-07,0.023356051,0.023358184,310
3.41557791,0.003126154,-0.840610373,2.799999928,5.782412399,-5.37279965,0.023356695,4.28E-07,0.023356051,0.023358184,311
3.422613087,0.002985768,-0.839949233,3.260804017,3.637174078,-5.327174994,0.023356695,4.28E-07,0.023356051,0.023358184,312
3.390954791,0.003097953,-0.837392098,3.264321606,3.961875619,-5.014343681,0.023356695,4.28E-07,0.023356051,0.023358184,313
3.41557791,0.00266931,-0.83749889,3.211557779,2.573522115,-5.024809238,0.023356695,4.28E-07,0.023356051,0.023358184,314
3.405025145,0.002817915,-0.837169044,3.250251252,5.421197552,-4.588022835,0.023356695,4.28E-07,0.023356051,0.023358184,315
3.433165852,0.003285404,-0.835990001,3.327638198,3.38784465,-5.183612239,0.023356695,4.28E-07,0.023356051,0.023358184,316
3.405025145,0.002954454,-0.836099997,3.239698487,3.904338973,-5.12620296,0.023356695,4.28E-07,0.023356051,0.023358184,317
3.405025145,0.003400565,-0.8354582,3.25376884,3.280007959,-4.558355495,0.023356695,4.28E-07,0.023356051,0.023358184,318
3.454271383,0.003467324,-0.834649665,3.20804019,4.024924485,-4.897202866,0.023356695,4.28E-07,0.023356051,0.023358184,319
3.401507556,0.003749868,-0.834860848,3.387437202,5.42598069,-5.114640396,0.023356695,4.28E-07,0.023356051,0.023358184,320
3.412060322,0.002646983,-0.834146374,3.320603021,3.055584554,-4.655748161,0.023356695,4.28E-07,0.023356051,0.023358184,321
3.412060322,0.003184618,-0.83382297,3.380402025,3.346664106,-5.460126061,0.023356695,4.28E-07,0.023356051,0.023358184,322
3.41557791,0.00345572,-0.832651231,2.799999928,10.51574613,-5.284234395,0.023356695,4.28E-07,0.023356051,0.023358184,323
3.387437202,0.004058636,-0.830854804,3.366331671,3.19741526,-4.525719467,0.023356695,4.28E-07,0.023356051,0.023358184,324
3.41557791,0.003850509,-0.831403494,3.310050256,5.157909733,-5.170934861,0.023356695,4.28E-07,0.023356051,0.023358184,325
3.41557791,0.003841105,-0.83081903,3.243216075,2.840542514,-4.943274979,0.023356695,4.28E-07,0.023356051,0.023358184,326
3.440201029,0.002697428,-0.82877547,3.500000033,4.0498419,-5.090206302,0.023356695,4.28E-07,0.023356051,0.023358184,327
3.447236206,0.003159465,-0.830076881,3.271356783,3.195754827,-5.398368093,0.023356695,4.28E-07,0.023356051,0.023358184,328
3.426130675,0.003497628,-0.828867791,3.331155787,2.009650523,-5.298146643,0.023356695,4.28E-07,0.023356051,0.023358184,329
3.405025145,0.003177082,-0.826951854,3.380402025,5.226898205,-4.974079391,0.023356695,4.28E-07,0.023356051,0.023358184,330
3.405025145,0.003080719,-0.827889452,3.331155787,5.040713197,-5.125730639,0.023356695,4.28E-07,0.023356051,0.023358184,331
3.464824149,0.002631817,-0.826666325,3.299497491,1.348781241,-4.784459866,0.023356695,4.28E-07,0.023356051,0.023358184,332
3.422613087,0.003182791,-0.826255654,3.271356783,6.483210031,-5.40819784,0.023356695,4.28E-07,0.023356051,0.023358184,333
3.405025145,0.003428799,-0.827493464,3.215075367,2.432348329,-5.672466263,0.023356695,4.28E-07,0.023356051,0.023358184,334
3.408542733,0.002991069,-0.826045511,3.313567844,5.822602928,-5.494388791,0.023356695,4.28E-07,0.023356051,0.023358184,335
3.373366848,0.004512774,-0.824167554,3.320603021,6.146800462,-5.201230541,0.023356695,4.28E-07,0.023356051,0.023358184,336
3.41557791,0.003014729,-0.824285787,3.345226141,3.285096242,-5.343786902,0.023356695,4.28E-07,0.023356051,0.023358184,337
3.436683441,0.003470998,-0.824290543,3.352261318,6.472202842,-5.560062679,0.023356695,4.28E-07,0.023356051,0.023358184,338
3.401507556,0.003410798,-0.821705765,3.313567844,3.88614089,-5.025485629,0.023356695,4.28E-07,0.023356051,0.023358184,339
3.405025145,0.00348651,-0.822164654,3.271356783,4.069909228,-5.17879563,0.023356695,4.28E-07,0.023356051,0.023358184,340
3.500000033,0.006346376,-0.819770561,2.799999928,9.277628691,-4.745985199,0.023356695,4.28E-07,0.023356051,0.023358184,341
3.405025145,0.003395034,-0.821403337,2.856281343,2.854163511,-5.225882525,0.023356695,4.28E-07,0.023356051,0.023358184,342
3.419095499,0.003514987,-0.820854344,3.246733664,2.411441719,-5.475589893,0.023356695,4.28E-07,0.023356051,0.023358184,343
3.383919614,0.004173651,-0.819239927,3.288944725,3.405769301,-5.280232237,0.023356695,4.28E-07,0.023356051,0.023358184,344
3.447236206,0.003125752,-0.820032506,3.352261318,6.639917462,-5.54944274,0.023356695,4.28E-07,0.023356051,0.023358184,345
3.41557791,0.003750841,-0.820285983,3.183417071,1.572892132,-5.659166113,0.023356695,4.28E-07,0.023356051,0.023358184,346
3.457788972,0.002842564,-0.816411463,3.211557779,3.951895656,-5.192348367,0.023356695,4.28E-07,0.023356051,0.023358184,347
3.41557791,0.003809527,-0.817875905,3.394472379,3.512111237,-5.289437245,0.023356695,4.28E-07,0.023356051,0.023358184,348
3.447236206,0.003241755,-0.817278063,3.260804017,5.53477562,-5.51775768,0.023356695,4.28E-07,0.023356051,0.023358184,349
3.412060322,0.003294722,-0.814801101,3.264321606,3.853672045,-5.12353849,0.023356695,4.28E-07,0.023356051,0.023358184,350
3.457788972,0.003040995,-0.815649704,3.387437202,5.916212612,-5.109764032,0.023356695,4.28E-07,0.023356051,0.023358184,351
3.436683441,0.003419819,-0.81524767,3.271356783,6.798975114,-5.508353802,0.023356695,4.28E-07,0.023356051,0.023358184,352
3.447236206,0.003360662,-0.812511386,3.306532668,2.657675756,-5.249065897,0.023356695,4.28E-07,0.023356051,0.023358184,353
3.41557791,0.003817878,-0.813592763,2.799999928,5.616089513,-5.15364606,0.023356695,4.28E-07,0.023356051,0.023358184,354
3.394472379,0.003884186,-0.814129968,3.225628133,4.695805628,-5.342979797,0.023356695,4.28E-07,0.023356051,0.023358184,355
3.440201029,0.002766229,-0.811246518,3.32412061,2.219078376,-5.052288265,0.023356695,4.28E-07,0.023356051,0.023358184,356
3.433165852,0.003115495,-0.811506097,3.320603021,1.726194027,-4.983023762,0.023356695,4.28E-07,0.023356051,0.023358184,357
3.405025145,0.003271311,-0.808438336,3.313567844,3.657827606,-4.990355198,0.023356695,4.28E-07,0.023356051,0.023358184,358
3.408542733,0.00299161,-0.809395871,3.303015079,3.808810766,-5.116205592,0.023356695,4.28E-07,0.023356051,0.023358184,359
3.422613087,0.003358354,-0.80994957,2.852763755,8.33043666,-5.293955834,0.023356695,4.28E-07,0.023356051,0.023358184,360
3.412060322,0.003453958,-0.807054532,3.229145721,3.376608927,-5.238425563,0.023356695,4.28E-07,0.023356051,0.023358184,361
3.383919614,0.00422301,-0.807871693,3.352261318,1.655668987,-5.135363705,0.023356695,4.28E-07,0.023356051,0.023358184,362
3.422613087,0.003695417,-0.808273439,3.471859326,4.214278711,-5.512908485,0.023356695,4.28E-07,0.023356051,0.023358184,363
3.436683441,0.003494657,-0.804737285,3.281909548,2.340282104,-5.074139126,0.023356695,4.28E-07,0.023356051,0.023358184,364
3.454271383,0.002966321,-0.805125567,3.310050256,1.868679625,-5.243433151,0.023356695,4.28E-07,0.023356051,0.023358184,365
3.429648264,0.003008951,-0.80417153,3.468341737,4.41732111,-5.178384837,0.023356695,4.28E-07,0.023356051,0.023358184,366
3.447236206,0.003277143,-0.802178541,3.295979902,1.311734456,-4.920391587,0.023356695,4.28E-07,0.023356051,0.023358184,367
3.405025145,0.00302454,-0.802352355,3.25376884,2.418203903,-4.778836578,0.023356695,4.28E-07,0.023356051,0.023358184,368
3.401507556,0.003080623,-0.804255044,3.419095499,4.090058769,-5.609858041,0.023356695,4.28E-07,0.023356051,0.023358184,369
3.436683441,0.003476997,-0.801123954,2.799999928,13.84860601,-5.145613594,0.023356695,4.28E-07,0.023356051,0.023358184,370
3.401507556,0.003292855,-0.801737568,3.281909548,3.08648593,-5.20321756,0.023356695,4.28E-07,0.023356051,0.023358184,371
3.429648264,0.003258227,-0.79817368,3.215075367,3.328149805,-4.901855566,0.023356695,4.28E-07,0.023356051,0.023358184,372
3.447236206,0.00318097,-0.796452145,3.292462314,3.310820501,-5.082532837,0.023356695,4.28E-07,0.023356051,0.023358184,373
3.412060322,0.003065188,-0.7975877,3.32412061,3.176714352,-4.690225961,0.023356695,4.28E-07,0.023356051,0.023358184,374
3.422613087,0.003562454,-0.79527538,2.799999928,12.1207568,-4.953716756,0.023356695,4.28E-07,0.023356051,0.023358184,375
3.419095499,0.003225594,-0.795470815,3.190452248,6.084961831,-5.066299662,0.023356695,4.28E-07,0.023356051,0.023358184,376
3.426130675,0.002823144,-0.794009409,3.331155787,1.638209731,-4.721585537,0.023356695,4.28E-07,0.023356051,0.023358184,377
3.422613087,0.003500379,-0.7910005,2.799999928,4.844075185,-4.915525101,0.023356695,4.28E-07,0.023356051,0.023358184,378
3.401507556,0.003522209,-0.792538644,3.436683441,5.817800103,-4.97945579,0.023356695,4.28E-07,0.023356051,0.023358184,379
3.408542733,0.003140233,-0.791389555,2.824623047,1.955566486,-4.665293501,0.023356695,4.28E-07,0.023356051,0.023358184,380
3.429648264,0.002819701,-0.790207488,3.352261318,1.452343096,-5.265174095,0.023356695,4.28E-07,0.023356051,0.023358184,381
3.401507556,0.003477304,-0.790514703,3.422613087,3.563368355,-5.245072132,0.023356695,4.28E-07,0.023356051,0.023358184,382
3.405025145,0.003119231,-0.7888983,3.338190964,6.445870265,-5.303532835,0.023356695,4.28E-07,0.023356051,0.023358184,383
3.436683441,0.002931,-0.787924552,3.243216075,3.763749628,-5.395526681,0.023356695,4.28E-07,0.023356051,0.023358184,384
3.440201029,0.002880295,-0.787425158,3.225628133,3.267584214,-5.447613357,0.023356695,4.28E-07,0.023356051,0.023358184,385
3.422392564,0.021752842,-0.785998211,3.39074548,65.90598866,-4.280473137,0.026246366,0.01237216,0.012984091,0.097522459,386
3.443718618,0.003216824,-0.785277202,3.229145721,1.225829367,-5.095910513,0.023356695,4.28E-07,0.023356051,0.023358184,387
3.380402025,0.004223702,-0.783691298,3.257286429,3.466899067,-4.866399586,0.023356695,4.28E-07,0.023356051,0.023358184,388
3.46130656,0.002815393,-0.781017071,3.23266331,4.008352119,-5.206631764,0.023356695,4.28E-07,0.023356051,0.023358184,389
3.422613087,0.003444047,-0.781630366,3.387437202,2.90516931,-5.161053145,0.023356695,4.28E-07,0.023356051,0.023358184,390
3.387437202,0.003156865,-0.781249334,3.292462314,3.035419534,-4.919976939,0.023356695,4.28E-07,0.023356051,0.023358184,391
3.390954791,0.003519595,-0.77947691,2.799999928,3.951551345,-4.938246041,0.023356695,4.28E-07,0.023356051,0.023358184,392
3.380402025,0.003762833,-0.778294465,3.292462314,2.630354401,-5.099261364,0.023356695,4.28E-07,0.023356051,0.023358184,393
3.41557791,0.003591457,-0.777109182,3.468341737,4.275708739,-4.661768463,0.023356695,4.28E-07,0.023356051,0.023358184,394
3.412060322,0.003052512,-0.775214441,3.317085433,2.998938666,-5.51182837,0.023356695,4.28E-07,0.023356051,0.023358184,395
3.41557791,0.003814246,-0.775219653,2.799999928,4.281201739,-5.376802022,0.023356695,4.28E-07,0.023356051,0.023358184,396
3.419095499,0.002794746,-0.77323923,3.288944725,2.745190653,-5.385938311,0.023356695,4.28E-07,0.023356051,0.023358184,397
3.443718618,0.003489116,-0.771770113,2.814070282,3.847971259,-5.355134465,0.023356695,4.28E-07,0.023356051,0.023358184,398
3.401507556,0.003576278,-0.772044932,3.408542733,4.04316204,-5.167027345,0.023356695,4.28E-07,0.023356051,0.023358184,399
3.443718618,0.003557816,-0.770979794,3.46130656,2.219000989,-5.707755886,0.023356695,4.28E-07,0.023356051,0.023358184,400
3.443718618,0.003425633,-0.768337585,3.46130656,2.347195627,-5.363042978,0.023356695,4.28E-07,0.023356051,0.023358184,401
3.429648264,0.002998737,-0.767340576,3.250251252,2.687599864,-5.511988348,0.023356695,4.28E-07,0.023356051,0.023358184,402
3.412060322,0.003182639,-0.764040558,3.246733664,3.073717442,-5.401096857,0.023356695,4.28E-07,0.023356051,0.023358184,403
3.408542733,0.00269309,-0.763839691,3.436683441,5.988151981,-5.094842499,0.023356695,4.28E-07,0.023356051,0.023358184,404
3.394472379,0.003267088,-0.763257846,3.274874371,1.842855583,-5.268416217,0.023356695,4.28E-07,0.023356051,0.023358184,405
3.380402025,0.004312593,-0.760499969,3.348743729,2.776106091,-5.325012126,0.023356695,4.28E-07,0.023356051,0.023358184,406
3.41557791,0.003564989,-0.758982074,3.348743729,6.103529668,-5.153729551,0.023356695,4.28E-07,0.023356051,0.023358184,407
3.422613087,0.003409834,-0.758007213,3.440201029,5.198175025,-5.105568647,0.023356695,4.28E-07,0.023356051,0.023358184,408
3.390954791,0.003471976,-0.75571247,3.313567844,5.687382484,-5.553485987,0.023356695,4.28E-07,0.023356051,0.023358184,409
3.408542733,0.003224613,-0.75490115,2.926633113,8.711153228,-5.551851977,0.023356695,4.28E-07,0.023356051,0.023358184,410
3.412060322,0.00321677,-0.752260064,3.436683441,3.533389758,-5.158569951,0.023356695,4.28E-07,0.023356051,0.023358184,411
3.422613087,0.002267098,-0.750412833,3.348743729,3.508142869,-5.238059532,0.023356695,4.28E-07,0.023356051,0.023358184,412
3.443718618,0.003516058,-0.74942974,3.288944725,4.441506895,-5.270503244,0.023356695,4.28E-07,0.023356051,0.023358184,413
3.401507556,0.003430973,-0.74820476,3.306532668,1.994581651,-5.373321763,0.023356695,4.28E-07,0.023356051,0.023358184,414
3.401507556,0.003127571,-0.746468493,3.18693466,2.32845179,-5.336198541,0.023356695,4.28E-07,0.023356051,0.023358184,415
3.36984926,0.004088999,-0.746608785,3.285427137,2.475057533,-5.293354028,0.023356695,4.28E-07,0.023356051,0.023358184,416
3.408542733,0.002706622,-0.744372171,3.355778906,3.841497386,-5.386184695,0.023356695,4.28E-07,0.023356051,0.023358184,417
3.447236206,0.00332031,-0.740976227,2.799999928,3.497943079,-5.13814892,0.023356695,4.28E-07,0.023356051,0.023358184,418
3.408542733,0.003144189,-0.739378554,3.25376884,4.108064707,-5.131561487,0.023356695,4.28E-07,0.023356051,0.023358184,419
3.394472379,0.003349951,-0.735843472,3.193969836,2.939453001,-4.981703091,0.023356695,4.28E-07,0.023356051,0.023358184,420
3.41557791,0.002813038,-0.734996226,3.271356783,4.874202836,-4.859063641,0.023356695,4.28E-07,0.023356051,0.023358184,421
3.429648264,0.003444816,-0.73336553,3.211557779,1.694500096,-4.643502982,0.023356695,4.28E-07,0.023356051,0.023358184,422
3.450753795,0.002960472,-0.730469862,3.218592956,11.38347211,-5.264602599,0.023356695,4.28E-07,0.023356051,0.023358184,423
3.397989968,0.003380662,-0.730091922,2.877386874,3.107721644,-5.338475747,0.023356695,4.28E-07,0.023356051,0.023358184,424
3.433165852,0.003867866,-0.727661912,3.23266331,4.796135194,-5.309789578,0.023356695,4.28E-07,0.023356051,0.023358184,425
3.447236206,0.003148582,-0.723770742,3.239698487,2.888461616,-5.338889286,0.023356695,4.28E-07,0.023356051,0.023358184,426
3.408542733,0.003917751,-0.723885976,3.310050256,4.521069389,-5.466625279,0.023356695,4.28E-07,0.023356051,0.023358184,427
3.394472379,0.003648325,-0.721525081,3.443718618,5.315386004,-5.163323506,0.023356695,4.28E-07,0.023356051,0.023358184,428
3.412060322,0.003493887,-0.718688555,3.204522602,1.076435918,-5.313221061,0.023356695,4.28E-07,0.023356051,0.023358184,429
3.394472379,0.003373975,-0.717835206,3.331155787,5.034147258,-5.240308093,0.023356695,4.28E-07,0.023356051,0.023358184,430
3.36984926,0.004357485,-0.715036634,3.355778906,1.985803801,-5.38545812,0.023356695,4.28E-07,0.023356051,0.023358184,431
3.380402025,0.004068413,-0.712184912,2.870351697,2.972471314,-5.16305157,0.023356695,4.28E-07,0.023356051,0.023358184,432
3.450575846,0.005391097,-0.711179711,3.41540958,114.6927287,-5.28936042,0.024197763,0.003634137,0.016618922,0.054207187,433
3.390954791,0.003282747,-0.707736119,3.190452248,3.223618774,-4.962499189,0.023356695,4.28E-07,0.023356051,0.023358184,434
3.412060322,0.003405992,-0.705164044,3.327638198,6.819899021,-5.03961304,0.023356695,4.28E-07,0.023356051,0.023358184,435
3.390954791,0.003700493,-0.703855157,3.236180898,2.586969254,-5.172348799,0.023356695,4.28E-07,0.023356051,0.023358184,436
3.408542733,0.00365528,-0.70086289,3.457788972,5.071183425,-5.149379135,0.023356695,4.28E-07,0.023356051,0.023358184,437
3.387437202,0.003669659,-0.698288069,2.835175813,4.56347319,-5.157895899,0.023356695,4.28E-07,0.023356051,0.023358184,438
3.387437202,0.003150584,-0.696783111,3.271356783,3.217876237,-4.994185756,0.023356695,4.28E-07,0.023356051,0.023358184,439
3.443718618,0.003044427,-0.695429321,3.218592956,1.760452539,-5.049381045,0.023356695,4.28E-07,0.023356051,0.023358184,440
3.390954791,0.00340632,-0.692072175,3.450753795,6.442202498,-5.12079405,0.023356695,4.28E-07,0.023356051,0.023358184,441
3.36984926,0.003604613,-0.690476432,3.408542733,2.607375807,-5.251910314,0.023356695,4.28E-07,0.023356051,0.023358184,442
3.387437202,0.00372869,-0.686003944,3.303015079,6.667963154,-5.351841935,0.023356695,4.28E-07,0.023356051,0.023358184,443
3.405025145,0.003086169,-0.684246249,3.306532668,2.23024866,-5.335473871,0.023356695,4.28E-07,0.023356051,0.023358184,444
3.36984926,0.004427976,-0.682017755,3.246733664,2.946097593,-5.07878861,0.023356695,4.28E-07,0.023356051,0.023358184,445
3.450753795,0.002907755,-0.679967962,3.225628133,2.31343603,-4.881901284,0.023356695,4.28E-07,0.023356051,0.023358184,446
3.359296495,0.003961403,-0.677471939,3.419095499,4.563647767,-5.089124999,0.023356695,4.28E-07,0.023356051,0.023358184,447
3.383919614,0.003418537,-0.674919563,3.310050256,4.982324938,-5.411550033,0.023356695,4.28E-07,0.023356051,0.023358184,448
3.412060322,0.003363903,-0.672245638,3.327638198,3.308976288,-4.877172218,0.023356695,4.28E-07,0.023356051,0.023358184,449
3.390954791,0.003431627,-0.67053384,2.810552693,4.146844961,-5.288581825,0.023356695,4.28E-07,0.023356051,0.023358184,450
3.394472379,0.003377472,-0.668069914,3.201005013,1.588765523,-5.316907234,0.023356695,4.28E-07,0.023356051,0.023358184,451
3.405025145,0.002994618,-0.665497423,3.281909548,3.562306132,-4.580338998,0.023356695,4.28E-07,0.023356051,0.023358184,452
3.376884437,0.003073459,-0.663038804,3.211557779,4.44263098,-5.250831921,0.023356695,4.28E-07,0.023356051,0.023358184,453
3.450753795,0.002940633,-0.661001851,3.218592956,4.723366123,-5.074303533,0.023356695,4.28E-07,0.023356051,0.023358184,454
3.426130675,0.002850734,-0.659248285,3.362814083,2.877755934,-5.016147693,0.023356695,4.28E-07,0.023356051,0.023358184,455
3.390954791,0.003334186,-0.655319748,3.331155787,2.154932681,-5.086745264,0.023356695,4.28E-07,0.023356051,0.023358184,456
3.359296495,0.00431788,-0.653829223,3.27839196,1.724892092,-5.15625287,0.023356695,4.28E-07,0.023356051,0.023358184,457
3.390954791,0.003659611,-0.650712654,2.84221099,2.241957273,-5.194125395,0.023356695,4.28E-07,0.023356051,0.023358184,458
3.412060322,0.003458952,-0.647551321,3.338190964,4.066184222,-4.837588383,0.023356695,4.28E-07,0.023356051,0.023358184,459
3.429648264,0.003419402,-0.646395559,2.799999928,5.804933969,-5.051366047,0.023356695,4.28E-07,0.023356051,0.023358184,460
3.390954791,0.003105973,-0.643967967,2.856281343,1.564419835,-5.147961827,0.023356695,4.28E-07,0.023356051,0.023358184,461
3.387437202,0.00313515,-0.640597392,3.218592956,3.760211455,-5.094588769,0.023356695,4.28E-07,0.023356051,0.023358184,462
3.394472379,0.003251169,-0.639021159,3.320603021,3.842610573,-5.18783988,0.023356695,4.28E-07,0.023356051,0.023358184,463
3.429648264,0.003734833,-0.636924914,3.25376884,5.544374218,-4.748543356,0.023356695,4.28E-07,0.023356051,0.023358184,464
3.380402025,0.003261423,-0.632890672,3.288944725,2.253675281,-5.164980435,0.023356695,4.28E-07,0.023356051,0.023358184,465
3.408542733,0.003423853,-0.631731607,3.32412061,4.319217743,-5.024277386,0.023356695,4.28E-07,0.023356051,0.023358184,466
3.394472379,0.003079453,-0.62931555,3.176381894,6.039710999,-4.804678051,0.023356695,4.28E-07,0.023356051,0.023358184,467
3.387437202,0.002520838,-0.62588583,3.222110544,4.75502628,-5.182837531,0.023356695,4.28E-07,0.023356051,0.023358184,468
3.41557791,0.003353176,-0.624511264,2.828140636,7.537833937,-5.060620961,0.023356695,4.28E-07,0.023356051,0.023358184,469
3.397989968,0.003015548,-0.620978452,3.345226141,4.943878059,-4.801946002,0.023356695,4.28E-07,0.023356051,0.023358184,470
3.383919614,0.003111069,-0.618197465,3.355778906,6.713870808,-5.044094255,0.023356695,4.28E-07,0.023356051,0.023358184,471
3.397989968,0.003807688,-0.617003063,3.218592956,4.491034452,-5.014062828,0.023356695,4.28E-07,0.023356051,0.023358184,472
3.383919614,0.003218652,-0.613866304,2.799999928,8.360844348,-5.201175401,0.023356695,4.28E-07,0.023356051,0.023358184,473
3.383919614,0.00305383,-0.610803518,3.313567844,2.340137632,-5.217239701,0.023356695,4.28E-07,0.023356051,0.023358184,474
3.36984926,0.003907247,-0.607660229,3.348743729,4.972511907,-5.050433187,0.023356695,4.28E-07,0.023356051,0.023358184,475
3.383919614,0.003152101,-0.606277919,3.169346717,2.315738038,-4.885763508,0.023356695,4.28E-07,0.023356051,0.023358184,476
3.373366848,0.003611075,-0.603337709,3.313567844,2.076620639,-5.150416785,0.023356695,4.28E-07,0.023356051,0.023358184,477
3.387437202,0.003163448,-0.601819718,3.345226141,2.75589848,-5.272555046,0.023356695,4.28E-07,0.023356051,0.023358184,478
3.419095499,0.003305191,-0.598757393,3.334673375,2.617398573,-4.824899001,0.023356695,4.28E-07,0.023356051,0.023358184,479
3.380402025,0.002919607,-0.596735893,2.799999928,7.649349411,-4.932004031,0.023356695,4.28E-07,0.023356051,0.023358184,480
3.362814083,0.003507488,-0.594836738,3.443718618,8.141018156,-4.784186536,0.023356695,4.28E-07,0.023356051,0.023358184,481
3.376884437,0.003026909,-0.593236646,3.285427137,3.991058311,-5.066205774,0.023356695,4.28E-07,0.023356051,0.023358184,482
3.387437202,0.002720359,-0.589039713,3.359296495,4.851039763,-4.883478361,0.023356695,4.28E-07,0.023356051,0.023358184,483
3.429648264,0.003167983,-0.586825596,3.239698487,1.862607205,-4.978628205,0.023356695,4.28E-07,0.023356051,0.023358184,484
3.359296495,0.003441188,-0.583545735,3.225628133,2.849846243,-5.24755352,0.023356695,4.28E-07,0.023356051,0.023358184,485
3.433165852,0.003087976,-0.580882991,2.799999928,11.26380389,-4.9110239,0.023356695,4.28E-07,0.023356051,0.023358184,486
3.376884437,0.002932705,-0.57989656,3.211557779,3.587180835,-4.970575655,0.023356695,4.28E-07,0.023356051,0.023358184,487
3.390954791,0.003135394,-0.577563889,3.419095499,4.714243492,-5.236323029,0.023356695,4.28E-07,0.023356051,0.023358184,488
